KÃ³d obce;0
500011;67421.0
500020;1454.0
500046;971.0
500062;1360.0
500071;1890.0
500101;974.0
500127;423.0
500135;902.0
500151;989.0
500160;510.0
500194;964.0
500232;1525.0
500241;1140.0
500267;136.0
500283;1031.0
500305;651.0
500313;446.0
500321;432.0
500348;733.0
500356;1745.0
500364;788.0
500372;1760.0
500381;871.0
500399;165.0
500402;1218.0
500411;1307.0
500429;310.0
500437;676.0
500453;1994.0
500461;616.0
500470;830.0
500488;1001.0
500500;937.0
500518;286.0
500534;224.0
500542;441.0
500551;458.0
500569;420.0
500577;2456.0
500585;564.0
500593;578.0
500607;503.0
500631;1129.0
500640;1119.0
500658;1305.0
500666;336.0
500674;957.0
500682;976.0
500691;558.0
500704;1746.0
500712;689.0
500721;825.0
500739;3712.0
500747;1457.0
500755;701.0
500780;506.0
500798;227.0
500810;1514.0
500828;2354.0
500836;721.0
500844;578.0
500887;3639.0
500895;1414.0
500909;391.0
500917;1658.0
500925;877.0
500933;7470.0
500941;1863.0
500950;1906.0
500968;10334.0
500976;188.0
500984;444.0
500992;1182.0
501018;360.0
501026;28888.0
501034;1040.0
501042;326.0
501069;425.0
501077;1002.0
501085;971.0
501093;1091.0
501107;376.0
501115;2362.0
501123;1398.0
501140;6368.0
501158;1203.0
501166;1746.0
501174;1538.0
501182;1665.0
501191;401.0
501204;9165.0
501212;637.0
501221;120.0
501239;3215.0
501247;610.0
501255;992.0
501263;1131.0
501271;109.0
501280;4221.0
501301;1264.0
501310;453.0
501328;2438.0
501336;622.0
501344;1030.0
501352;437.0
501361;660.0
501379;609.0
501387;830.0
501395;2860.0
501409;478.0
501417;2033.0
501425;2104.0
501433;20057.0
501441;487.0
501450;987.0
501468;655.0
501484;319.0
501492;847.0
501506;301.0
501514;511.0
501522;7296.0
501531;1031.0
501549;437.0
501557;685.0
501573;4535.0
501581;1812.0
501590;1803.0
501603;1083.0
501611;1656.0
501620;529.0
501638;1869.0
501654;1450.0
501662;767.0
501671;422.0
501689;323.0
501697;1230.0
501701;943.0
501719;1236.0
501727;1347.0
501735;2471.0
501743;632.0
501760;483.0
501778;369.0
501786;882.0
501808;1933.0
501816;1166.0
501824;3203.0
501832;453.0
501859;1496.0
501867;783.0
501875;453.0
501883;673.0
501891;930.0
501905;11323.0
501913;1480.0
501921;2690.0
501930;564.0
501956;435.0
501964;514.0
501972;817.0
501981;1349.0
501999;401.0
502006;2398.0
502014;1526.0
502022;2851.0
502031;27919.0
502049;260.0
502057;1001.0
502065;553.0
502073;195.0
502090;277.0
502103;263.0
502111;834.0
502120;640.0
502154;801.0
502162;352.0
502171;434.0
502189;448.0
502197;778.0
502201;214.0
502219;334.0
502227;1191.0
502243;427.0
502251;515.0
502260;490.0
502278;527.0
502286;500.0
502294;243.0
502324;1252.0
502332;1191.0
502341;632.0
502359;196.0
502367;241.0
502375;722.0
502383;181.0
502391;843.0
502413;1753.0
502421;1711.0
502430;689.0
502448;228.0
502456;506.0
502464;438.0
502472;512.0
502481;891.0
502499;541.0
502502;155.0
502511;418.0
502537;146.0
502570;824.0
502588;1263.0
502596;757.0
502600;458.0
502618;377.0
502626;429.0
502634;113.0
502642;1325.0
502651;625.0
502669;662.0
502677;1075.0
502693;1586.0
502707;1229.0
502715;584.0
502723;380.0
502731;522.0
502740;248.0
502758;166.0
502766;1272.0
502782;6333.0
502791;277.0
502804;1330.0
502812;391.0
502821;2394.0
502847;321.0
502863;3196.0
502871;497.0
502880;189.0
502898;161.0
502910;1283.0
502928;647.0
502936;1125.0
502944;545.0
502952;151.0
502961;130.0
502979;442.0
502987;5889.0
502995;1064.0
503002;135.0
503011;32919.0
503029;1351.0
503037;339.0
503045;3185.0
503053;630.0
503061;297.0
503070;1411.0
503088;1246.0
503096;517.0
503100;501.0
503118;267.0
503126;871.0
503134;591.0
503151;1310.0
503169;1344.0
503177;4266.0
503185;1870.0
503193;1051.0
503207;620.0
503215;990.0
503223;625.0
503231;1110.0
503240;1275.0
503258;908.0
503266;738.0
503274;1125.0
503282;3512.0
503291;838.0
503312;280.0
503321;1335.0
503339;356.0
503347;349.0
503355;324.0
503363;1724.0
503371;589.0
503380;2588.0
503398;1149.0
503401;1651.0
503436;585.0
503452;3586.0
503461;252.0
503479;963.0
503487;400.0
503495;674.0
503509;810.0
503517;773.0
503525;862.0
503533;1101.0
503541;384.0
503550;1685.0
503568;2110.0
503576;314.0
503584;8797.0
503592;8355.0
503606;900.0
503614;4460.0
503631;1556.0
503649;1823.0
503665;13108.0
503673;936.0
503681;419.0
503690;1207.0
503703;1415.0
503711;2045.0
503720;788.0
503746;1770.0
503754;305.0
503762;711.0
503771;2779.0
503789;395.0
503797;994.0
503801;810.0
503819;427.0
503827;415.0
503835;3410.0
503843;1303.0
503851;583.0
503860;1508.0
503878;937.0
503886;1557.0
503894;1729.0
503924;1363.0
503932;2745.0
503959;2727.0
503967;519.0
503975;1508.0
503983;1352.0
503991;2391.0
504009;13576.0
504017;4616.0
504025;18423.0
504033;388.0
504041;1499.0
504050;3520.0
504068;3202.0
504076;1414.0
504084;709.0
504092;2315.0
504106;3351.0
504114;1823.0
504122;2213.0
504131;3969.0
504149;1171.0
504157;1401.0
504165;2788.0
504173;976.0
504181;739.0
504190;1498.0
504203;17110.0
504211;179.0
504220;1398.0
504238;3325.0
504254;849.0
504262;4256.0
504271;1970.0
504289;367.0
504297;952.0
504319;1054.0
504327;479.0
504335;1067.0
504343;526.0
504351;4249.0
504360;833.0
504378;9653.0
504386;589.0
504394;323.0
504408;304.0
504416;1917.0
504424;425.0
504432;525.0
504459;2122.0
504467;354.0
504475;598.0
504483;127.0
504491;651.0
504513;3410.0
504521;923.0
504530;423.0
504548;265.0
504556;1248.0
504564;606.0
504572;1816.0
504581;9615.0
504599;322.0
504602;498.0
504611;914.0
504629;619.0
504637;624.0
504645;525.0
504653;533.0
504661;338.0
504670;799.0
504688;604.0
504696;300.0
504700;653.0
504718;445.0
504726;823.0
504734;459.0
504742;1527.0
504769;2982.0
504777;367.0
504793;675.0
504815;13088.0
504823;763.0
504831;509.0
504840;1227.0
504858;1397.0
504866;657.0
504874;1438.0
504882;929.0
504891;4222.0
504904;1349.0
504912;246.0
504939;1047.0
504947;3180.0
504963;700.0
504971;1247.0
504980;2455.0
504998;22080.0
505021;286.0
505048;1521.0
505056;148.0
505064;194.0
505072;336.0
505102;357.0
505129;456.0
505137;466.0
505153;244.0
505170;503.0
505196;536.0
505200;370.0
505226;278.0
505234;1054.0
505242;647.0
505251;301.0
505277;36.0
505285;709.0
505307;669.0
505315;18770.0
505323;414.0
505331;445.0
505340;245.0
505358;772.0
505374;1770.0
505382;279.0
505404;1280.0
505412;525.0
505421;1652.0
505439;452.0
505447;451.0
505455;1298.0
505463;1133.0
505471;391.0
505480;174.0
505498;2188.0
505510;465.0
505536;441.0
505544;139.0
505552;435.0
505561;638.0
505579;438.0
505595;36.0
505617;404.0
505625;1311.0
505633;35.0
505641;1199.0
505676;631.0
505684;484.0
505692;419.0
505706;509.0
505714;1788.0
505722;1735.0
505731;761.0
505749;455.0
505757;292.0
505765;96.0
505773;518.0
505790;585.0
505803;1456.0
505811;393.0
505820;47249.0
505838;715.0
505846;1223.0
505854;643.0
505871;1149.0
505889;501.0
505897;1741.0
505901;3082.0
505919;1320.0
505935;681.0
505943;2542.0
505951;823.0
505960;1888.0
505978;840.0
505994;650.0
506001;1176.0
506010;2805.0
506028;352.0
506036;2291.0
506044;366.0
506052;601.0
506061;571.0
506079;429.0
506087;1453.0
506095;829.0
506109;877.0
506125;1339.0
506133;578.0
506141;503.0
506150;1251.0
506168;302.0
506184;1236.0
506206;596.0
506231;1047.0
506249;410.0
506257;173.0
506265;2212.0
506273;681.0
506281;5309.0
506290;672.0
506303;892.0
506311;177.0
506338;16873.0
506346;388.0
506354;1608.0
506371;357.0
506401;981.0
506419;204.0
506427;1620.0
506435;564.0
506443;1080.0
506478;851.0
506508;2000.0
506516;162.0
506524;7657.0
506532;1358.0
506541;349.0
506559;3581.0
506567;2935.0
506583;829.0
506591;1063.0
506605;665.0
506613;3517.0
506630;616.0
506648;623.0
506656;584.0
506672;146.0
506745;54234.0
506788;554.0
506796;1193.0
506800;1198.0
506818;1987.0
506826;384.0
506834;927.0
506842;2158.0
506851;2028.0
506869;562.0
506877;3771.0
506885;1411.0
506893;1543.0
506915;706.0
506923;2100.0
506931;608.0
506940;1129.0
506958;326.0
506966;519.0
506982;844.0
506991;2211.0
507008;886.0
507024;1716.0
507032;17769.0
507041;418.0
507059;317.0
507067;1634.0
507075;758.0
507121;2216.0
507130;424.0
507156;1913.0
507164;967.0
507172;944.0
507199;435.0
507202;623.0
507211;701.0
507229;1202.0
507253;3403.0
507288;1897.0
507296;1794.0
507300;539.0
507318;1258.0
507326;358.0
507342;2048.0
507351;360.0
507369;472.0
507385;1031.0
507393;191.0
507407;219.0
507415;830.0
507431;466.0
507440;24254.0
507466;686.0
507482;516.0
507491;903.0
507512;1363.0
507521;727.0
507539;579.0
507555;2760.0
507563;1168.0
507571;1833.0
507601;2543.0
507636;1931.0
507661;1297.0
507679;1134.0
507687;1193.0
507709;2391.0
507725;1019.0
507741;1304.0
507750;4960.0
507768;2084.0
507776;2259.0
507792;553.0
507806;1545.0
507814;6813.0
507822;1437.0
507831;688.0
507849;2055.0
507857;1976.0
507865;992.0
507873;910.0
507881;963.0
507890;2664.0
507903;2029.0
507911;5078.0
507938;5623.0
507946;828.0
507954;1128.0
507962;1413.0
507989;4806.0
507997;1225.0
508012;1407.0
508021;1504.0
508039;1617.0
508047;1788.0
508055;2637.0
508063;15835.0
508071;2947.0
508080;1796.0
508098;2953.0
508101;7901.0
508110;2971.0
508136;2461.0
508161;752.0
508179;20450.0
508187;285.0
508195;2098.0
508209;3844.0
508217;16266.0
508225;3925.0
508233;9835.0
508241;585.0
508250;4347.0
508268;327.0
508276;2248.0
508284;971.0
508292;2391.0
508306;2141.0
508314;1198.0
508322;1174.0
508331;376.0
508349;1869.0
508365;1545.0
508381;2891.0
508438;65315.0
508446;808.0
508454;1701.0
508462;991.0
508471;192.0
508489;594.0
508497;17140.0
508519;390.0
508527;4246.0
508535;606.0
508543;369.0
508551;220.0
508560;223.0
508578;154.0
508586;343.0
508594;750.0
508608;2198.0
508616;433.0
508624;517.0
508632;553.0
508641;352.0
508659;1232.0
508667;984.0
508675;1868.0
508691;34.0
508705;977.0
508713;394.0
508721;596.0
508730;209.0
508748;1027.0
508756;585.0
508764;1197.0
508772;1109.0
508781;335.0
508799;211.0
508802;95.0
508811;466.0
508829;1511.0
508837;154.0
508845;314.0
508853;3159.0
508861;792.0
508870;1903.0
508888;1398.0
508896;98.0
508900;2424.0
508918;1296.0
508926;123.0
508934;1139.0
508942;853.0
508951;240.0
508969;695.0
508977;314.0
508985;1850.0
508993;169.0
509001;2808.0
509019;463.0
509027;673.0
509035;197.0
509043;1091.0
509051;1187.0
509060;578.0
509086;3007.0
509094;301.0
509124;1809.0
509132;19933.0
509159;3715.0
509167;523.0
509175;440.0
509183;946.0
509205;1417.0
509213;2001.0
509221;441.0
509230;1729.0
509248;5699.0
509256;12564.0
509264;1999.0
509272;806.0
509281;381.0
509299;1501.0
509302;2667.0
509311;2288.0
509329;1633.0
509337;1666.0
509345;4793.0
509361;1132.0
509370;975.0
509396;692.0
509400;4707.0
509426;1507.0
509434;328.0
509442;828.0
509451;4351.0
509469;883.0
509477;2298.0
509485;2351.0
509493;2879.0
509507;6208.0
509515;2215.0
509523;1455.0
509531;1867.0
509540;15357.0
509558;1169.0
509566;661.0
509582;1469.0
509591;1295.0
509604;1131.0
509639;1211.0
509655;1128.0
509663;818.0
509671;458.0
509680;2617.0
509698;1318.0
509701;1175.0
509710;358.0
509728;1882.0
509744;363.0
509761;672.0
509779;787.0
509787;239.0
509795;2317.0
509809;1932.0
509817;724.0
509825;681.0
509833;449.0
509850;2316.0
509868;6380.0
509876;3352.0
509884;2808.0
509892;1537.0
509906;2714.0
509914;3078.0
509922;904.0
509931;2393.0
509949;584.0
509957;1144.0
509965;132.0
509973;764.0
509981;1075.0
509990;149.0
510009;399.0
510017;710.0
510025;3867.0
510033;1625.0
510041;450.0
510050;1664.0
510076;1128.0
510084;559.0
510092;605.0
510106;6020.0
510114;7523.0
510149;660.0
510157;1255.0
510165;1122.0
510173;1073.0
510181;643.0
510190;700.0
510203;4281.0
510211;2170.0
510238;1575.0
510246;1846.0
510254;1379.0
510262;26334.0
510271;445.0
510301;514.0
510319;157.0
510327;1692.0
510335;120.0
510351;93.0
510386;273.0
510408;1087.0
510416;258.0
510424;388.0
510441;904.0
510459;143.0
510467;1270.0
510505;336.0
510513;281.0
510521;403.0
510530;391.0
510548;1291.0
510564;496.0
510572;468.0
510581;334.0
510599;2543.0
510602;87.0
510611;822.0
510629;2371.0
510637;1378.0
510653;522.0
510661;1040.0
510670;870.0
510688;70.0
510696;310.0
510700;260.0
510718;1352.0
510726;6298.0
510734;887.0
510742;258.0
510751;540.0
510777;504.0
510785;1756.0
510793;1024.0
510807;917.0
510815;1439.0
510823;853.0
510831;197.0
510840;114.0
510858;199.0
510866;384.0
510874;145.0
510904;1092.0
510912;324.0
510921;244.0
510947;909.0
510955;82.0
510963;1083.0
510971;179.0
510998;23548.0
511005;3153.0
511013;599.0
511030;996.0
511048;745.0
511056;698.0
511064;699.0
511072;196.0
511099;427.0
511102;652.0
511111;565.0
511129;1986.0
511137;39.0
511145;328.0
511153;536.0
511170;1874.0
511188;91.0
511196;1078.0
511200;388.0
511218;22364.0
511226;160.0
511234;523.0
511251;542.0
511269;639.0
511277;190.0
511293;416.0
511315;1762.0
511323;883.0
511331;453.0
511340;395.0
511358;1678.0
511366;518.0
511374;248.0
511391;8383.0
511404;731.0
511421;1411.0
511439;543.0
511447;209.0
511463;263.0
511471;1921.0
511480;178.0
511498;2368.0
511501;51.0
511510;473.0
511528;292.0
511536;65.0
511544;211.0
511552;1623.0
511561;287.0
511579;180.0
511595;1185.0
511609;267.0
511617;86.0
511625;607.0
511641;1012.0
511668;290.0
511676;156.0
511684;260.0
511692;631.0
511706;218.0
511714;180.0
511722;158.0
511731;499.0
511749;467.0
511757;107.0
511765;4616.0
511773;69.0
511781;168.0
511790;1375.0
511803;776.0
511811;276.0
511820;212.0
511838;697.0
511846;532.0
511854;468.0
511862;254.0
511871;989.0
511889;85.0
511897;415.0
511901;308.0
511919;1198.0
511927;746.0
511943;301.0
511978;449.0
511994;767.0
512001;362.0
512010;551.0
512036;45379.0
512044;149.0
512052;1050.0
512061;293.0
512079;849.0
512087;143.0
512095;188.0
512109;130.0
512117;124.0
512125;173.0
512133;1283.0
512141;74.0
512150;472.0
512168;399.0
512206;231.0
512214;843.0
512222;602.0
512257;127.0
512265;397.0
512273;1355.0
512290;153.0
512303;80.0
512311;108.0
512320;304.0
512338;73.0
512346;99.0
512354;1447.0
512371;1124.0
512389;939.0
512397;102.0
512419;134.0
512427;50.0
512435;766.0
512443;476.0
512451;59.0
512460;1173.0
512478;856.0
512486;206.0
512494;80.0
512508;586.0
512524;938.0
512541;320.0
512559;195.0
512567;167.0
512575;177.0
512583;555.0
512591;159.0
512605;614.0
512613;375.0
512621;785.0
512630;204.0
512648;4001.0
512656;433.0
512664;495.0
512672;225.0
512681;3627.0
512699;521.0
512702;771.0
512711;847.0
512729;5571.0
512737;150.0
512753;436.0
512761;1461.0
512788;201.0
512796;408.0
512818;140.0
512834;1043.0
512842;33259.0
512851;5192.0
512885;1285.0
512915;1044.0
512931;581.0
512940;1554.0
512958;821.0
512966;1213.0
513008;1340.0
513016;19621.0
513024;790.0
513083;516.0
513091;916.0
513121;713.0
513156;4697.0
513172;978.0
513245;212.0
513253;2286.0
513296;2120.0
513300;1050.0
513318;801.0
513326;3426.0
513334;783.0
513342;1720.0
513351;887.0
513377;450.0
513385;872.0
513407;389.0
513440;9488.0
513466;2061.0
513474;1390.0
513563;1243.0
513598;1907.0
513601;1679.0
513610;14962.0
513687;570.0
513725;686.0
513741;1901.0
513776;794.0
513784;222.0
513792;314.0
513806;386.0
513814;600.0
513822;160.0
513831;172.0
513849;329.0
513857;170.0
513865;475.0
513881;39570.0
513903;4329.0
513911;1564.0
513920;1086.0
513938;438.0
513946;1509.0
513954;1529.0
513962;1509.0
513971;152.0
513989;2169.0
513997;14061.0
514004;879.0
514012;551.0
514021;1189.0
514039;211.0
514063;1524.0
514071;3441.0
514080;909.0
514098;448.0
514101;435.0
514110;901.0
514128;1473.0
514136;3257.0
514144;1035.0
514179;593.0
514187;811.0
514209;1810.0
514217;253.0
514225;2708.0
514233;1648.0
514241;1012.0
514250;1015.0
514268;3671.0
514284;1363.0
514292;2001.0
514306;263.0
514314;472.0
514322;1158.0
514331;1121.0
514349;477.0
514357;1074.0
514365;631.0
514373;1469.0
514381;336.0
514390;376.0
514403;192.0
514411;1054.0
514420;1727.0
514438;433.0
514454;1490.0
514462;18957.0
514489;55.0
514501;409.0
514519;714.0
514535;139.0
514543;640.0
514551;173.0
514578;315.0
514586;44.0
514594;256.0
514608;480.0
514616;126.0
514624;566.0
514632;170.0
514641;195.0
514659;189.0
514667;168.0
514675;462.0
514683;126.0
514691;414.0
514713;346.0
514721;736.0
514730;80.0
514748;523.0
514756;761.0
514764;351.0
514781;599.0
514799;388.0
514811;965.0
514829;5657.0
514837;1162.0
514845;150.0
514853;97.0
514861;756.0
514870;177.0
514888;682.0
514896;47.0
514900;780.0
514918;727.0
514926;157.0
514934;108.0
514942;413.0
514951;597.0
514969;337.0
514977;140.0
514985;187.0
514993;185.0
515001;1927.0
515019;127.0
515027;562.0
515035;175.0
515043;2555.0
515051;176.0
515060;249.0
515078;764.0
515086;105.0
515094;22.0
515108;302.0
515116;60.0
515124;252.0
515132;418.0
515141;172.0
515159;195.0
515167;52.0
515175;153.0
515183;172.0
515205;237.0
515230;415.0
515248;132.0
515256;258.0
515264;1324.0
515272;129.0
515281;296.0
515299;189.0
515302;58.0
515311;77.0
515337;23.0
515345;18.0
515353;704.0
515361;102.0
515370;450.0
515388;42.0
515396;36.0
515400;277.0
515426;412.0
515442;1536.0
515451;424.0
515469;1148.0
515485;95.0
515493;305.0
515507;121.0
515515;92.0
515523;171.0
515531;153.0
515540;276.0
515566;291.0
515574;71.0
515582;227.0
515591;356.0
515604;438.0
515612;5963.0
515621;421.0
515639;728.0
515647;62.0
515655;298.0
515663;455.0
515671;241.0
515680;3230.0
515698;163.0
515701;553.0
515710;662.0
515728;206.0
515736;708.0
515744;938.0
515752;130.0
515761;55.0
515779;271.0
515795;229.0
515809;117.0
515817;101.0
515833;97.0
515841;175.0
515850;9619.0
515868;695.0
515876;311.0
515884;91.0
515892;1186.0
515906;912.0
515914;408.0
515922;339.0
515931;25.0
515949;325.0
515957;423.0
515965;867.0
515973;508.0
515981;160.0
515990;107.0
516007;98.0
516015;131.0
516023;180.0
516031;219.0
516040;699.0
516058;177.0
516066;93.0
516074;499.0
516082;311.0
516091;245.0
516104;249.0
516112;234.0
516121;473.0
516139;365.0
516147;279.0
516155;436.0
516163;130.0
516171;175.0
516198;251.0
516210;1352.0
516228;242.0
516236;1166.0
516244;363.0
516252;388.0
516261;246.0
516279;543.0
516287;91.0
516295;664.0
516309;97.0
516317;491.0
516333;299.0
516341;151.0
516368;173.0
516376;763.0
516384;445.0
516392;142.0
516406;522.0
516414;215.0
516422;79.0
516431;176.0
516449;60.0
516457;158.0
516465;494.0
516473;349.0
516490;410.0
516503;127.0
516511;169.0
516520;1566.0
516538;307.0
516546;579.0
516554;385.0
516562;111.0
516571;1055.0
516589;15167.0
516597;1008.0
516601;149.0
516627;1011.0
516643;8263.0
516651;386.0
516660;305.0
516678;118.0
516708;541.0
516716;167.0
516724;286.0
516732;191.0
516741;722.0
516759;1795.0
516767;2370.0
516791;460.0
516805;562.0
516813;480.0
516821;352.0
516830;1000.0
516848;433.0
516856;279.0
516872;801.0
516881;463.0
516902;171.0
516937;357.0
516945;398.0
516953;144.0
516961;221.0
516970;4324.0
516988;208.0
516996;179.0
517011;326.0
517020;577.0
517038;1342.0
517046;166.0
517062;725.0
517071;140.0
517089;350.0
517097;5981.0
517119;446.0
517127;98.0
517135;565.0
517143;288.0
517160;79.0
517178;540.0
517186;583.0
517194;512.0
517216;246.0
517232;453.0
517241;353.0
517259;438.0
517267;927.0
517283;693.0
517291;1046.0
517305;900.0
517313;1033.0
517330;938.0
517348;377.0
517356;545.0
517364;1011.0
517372;110.0
517381;5043.0
517399;736.0
517402;70201.0
517429;2776.0
517461;9623.0
517470;111.0
517488;2042.0
517496;833.0
517500;1687.0
517518;1172.0
517526;1364.0
517542;556.0
517551;1201.0
517577;710.0
517593;702.0
517623;980.0
517631;773.0
517640;509.0
517658;1525.0
517674;1532.0
517682;1349.0
517691;1763.0
517704;447.0
517712;1262.0
517721;852.0
517739;1315.0
517755;1431.0
517763;653.0
517771;718.0
517780;284.0
517798;791.0
517801;1020.0
517828;897.0
517861;1370.0
517879;739.0
517895;1148.0
517917;5032.0
517925;1066.0
517933;2425.0
517941;2780.0
517950;1602.0
517968;729.0
517976;558.0
517984;2252.0
517992;832.0
518000;1286.0
518018;3340.0
518034;3557.0
518042;3396.0
518051;1709.0
518069;3164.0
518077;303.0
518085;3153.0
518093;2484.0
518107;179.0
518115;173.0
518123;217.0
518131;726.0
518140;542.0
518158;35164.0
518166;450.0
518174;138.0
518191;317.0
518204;1144.0
518212;914.0
518221;107.0
518239;477.0
518247;195.0
518255;345.0
518263;12075.0
518271;576.0
518280;267.0
518298;1583.0
518301;106.0
518310;220.0
518336;180.0
518344;105.0
518352;94.0
518361;260.0
518379;822.0
518387;1225.0
518409;680.0
518417;1229.0
518425;725.0
518433;154.0
518441;147.0
518450;156.0
518468;6236.0
518476;219.0
518484;159.0
518492;414.0
518506;1347.0
518514;129.0
518522;622.0
518531;129.0
518549;1505.0
518557;6427.0
518565;81.0
518573;227.0
518581;29.0
518590;2991.0
518603;173.0
518611;613.0
518620;297.0
518646;175.0
518654;34.0
518662;2164.0
518671;264.0
518689;1938.0
518697;439.0
518701;246.0
518719;545.0
518727;778.0
518735;985.0
518743;85.0
518751;627.0
518760;1163.0
518794;442.0
518808;4215.0
518816;274.0
518824;870.0
518832;61.0
518841;163.0
518867;487.0
518875;335.0
518883;91.0
518891;373.0
518905;152.0
518913;1111.0
518921;1321.0
518930;292.0
518956;67.0
518964;299.0
518972;2353.0
518981;467.0
518999;64.0
519006;26331.0
519014;288.0
519022;293.0
519049;610.0
519057;238.0
519065;651.0
519073;95.0
519081;335.0
519090;89.0
519103;183.0
519111;382.0
519138;294.0
519154;235.0
519162;603.0
519171;425.0
519189;848.0
519197;3334.0
519201;375.0
519219;215.0
519227;973.0
519235;861.0
519243;435.0
519251;433.0
519260;462.0
519278;85.0
519286;324.0
519294;373.0
519308;70.0
519316;431.0
519324;913.0
519332;79.0
519341;721.0
519359;224.0
519367;390.0
519375;550.0
519383;89.0
519391;1039.0
519405;176.0
519413;62.0
519421;849.0
519430;278.0
519448;602.0
519456;882.0
519464;501.0
519472;468.0
519481;793.0
519499;62.0
519502;61.0
519511;43.0
519529;256.0
519537;440.0
519545;317.0
519553;482.0
519561;215.0
519570;1207.0
519588;759.0
519596;111.0
519600;110.0
519618;668.0
519626;218.0
519634;197.0
519642;232.0
519669;388.0
519677;148.0
519685;14.0
519693;151.0
519707;817.0
519715;608.0
519723;304.0
519731;193.0
519740;40.0
519758;262.0
519766;839.0
519774;456.0
519782;596.0
519791;533.0
519804;180.0
519812;275.0
519821;465.0
519839;478.0
519847;260.0
519855;132.0
519863;496.0
519871;333.0
519880;246.0
519901;182.0
519910;104.0
519928;339.0
519936;2250.0
519944;128.0
519952;102.0
519961;2566.0
519979;658.0
519987;401.0
519995;281.0
520004;27246.0
520012;190.0
520021;354.0
520039;2896.0
520055;1086.0
520063;508.0
520071;86.0
520080;34.0
520098;271.0
520101;301.0
520110;128.0
520128;294.0
520136;150.0
520152;143.0
520161;1663.0
520179;196.0
520187;418.0
520195;442.0
520209;236.0
520217;48.0
520225;445.0
520233;424.0
520241;348.0
520250;252.0
520268;494.0
520276;355.0
520284;58.0
520292;235.0
520314;245.0
520322;462.0
520331;1964.0
520349;460.0
520357;384.0
520365;410.0
520373;646.0
520381;67.0
520390;484.0
520403;498.0
520411;381.0
520438;248.0
520446;364.0
520454;706.0
520462;400.0
520471;5093.0
520489;74.0
520497;831.0
520501;479.0
520519;345.0
520527;72.0
520535;126.0
520543;280.0
520551;240.0
520560;537.0
520578;237.0
520586;20.0
520594;139.0
520616;142.0
520624;803.0
520632;20.0
520641;479.0
520659;471.0
520667;224.0
520675;43.0
520683;560.0
520691;456.0
520705;107.0
520713;132.0
520721;384.0
520730;76.0
520748;83.0
520764;118.0
520772;420.0
520781;112.0
520802;16118.0
520811;273.0
520829;2030.0
520845;129.0
520853;117.0
520861;85.0
520870;71.0
520888;144.0
520896;697.0
520900;265.0
520918;676.0
520926;1061.0
520934;718.0
520942;208.0
520951;38.0
520977;307.0
520985;263.0
520993;235.0
521001;158.0
521019;49.0
521027;171.0
521035;410.0
521043;466.0
521051;273.0
521060;150.0
521078;95.0
521086;533.0
521108;1081.0
521116;306.0
521141;414.0
521159;562.0
521167;344.0
521175;631.0
521183;1238.0
521191;497.0
521205;943.0
521213;610.0
521221;1070.0
521248;723.0
521256;76.0
521264;1006.0
521272;727.0
521281;516.0
521299;4674.0
521302;1773.0
521311;349.0
521329;342.0
521337;1743.0
521345;2196.0
521353;511.0
521361;1419.0
521370;1526.0
521388;559.0
521396;174.0
521400;1231.0
521418;232.0
521426;270.0
521442;318.0
521469;434.0
521477;498.0
521485;517.0
521493;2549.0
521507;609.0
521523;2403.0
521540;97.0
521558;1036.0
521566;343.0
521574;849.0
521582;846.0
521591;1065.0
521604;248.0
521612;964.0
521639;1253.0
521655;1415.0
521663;203.0
521671;3203.0
521680;1186.0
521698;8173.0
521701;63.0
521728;530.0
521736;1230.0
521744;244.0
521752;737.0
521761;339.0
521779;272.0
521787;631.0
521795;405.0
521809;181.0
521817;383.0
521825;533.0
521833;85.0
521841;165.0
521850;508.0
521868;321.0
521876;1309.0
521884;771.0
521892;2307.0
521906;312.0
521914;608.0
521922;300.0
521931;2112.0
521949;521.0
521957;1284.0
521965;1609.0
521973;1769.0
521981;915.0
522007;1217.0
522015;197.0
522023;410.0
522031;1018.0
522040;791.0
522066;736.0
522074;593.0
522082;181.0
522091;258.0
522104;1237.0
522121;745.0
522139;3615.0
522147;2648.0
522155;256.0
522163;875.0
522171;422.0
522180;269.0
522198;809.0
522201;265.0
522210;409.0
522244;327.0
522252;361.0
522261;1139.0
522279;31637.0
522287;397.0
522295;598.0
522309;206.0
522317;172.0
522325;813.0
522333;142.0
522341;512.0
522350;190.0
522368;758.0
522376;1261.0
522384;328.0
522392;313.0
522406;576.0
522414;547.0
522422;248.0
522431;617.0
522449;415.0
522457;320.0
522465;203.0
522473;299.0
522481;687.0
522490;161.0
522503;448.0
522511;591.0
522520;189.0
522538;253.0
522546;253.0
522554;371.0
522562;731.0
522571;342.0
522589;384.0
522597;362.0
522601;149.0
522627;292.0
522635;321.0
522643;367.0
522651;539.0
522660;362.0
522678;257.0
522686;300.0
522694;1020.0
522708;508.0
522716;775.0
522724;366.0
522732;702.0
522741;486.0
522759;1130.0
522767;200.0
522783;746.0
522791;898.0
522805;1477.0
522813;348.0
522821;274.0
522830;209.0
522848;423.0
522856;268.0
522864;732.0
522872;3596.0
522881;165.0
522899;179.0
522902;836.0
522911;156.0
522929;296.0
522937;177.0
522945;539.0
522953;342.0
522961;1138.0
522970;247.0
522988;312.0
522996;880.0
523003;483.0
523011;93.0
523020;223.0
523038;266.0
523046;160.0
523054;610.0
523062;519.0
523071;633.0
523089;4856.0
523097;647.0
523101;3698.0
523119;570.0
523127;147.0
523135;355.0
523143;93.0
523151;471.0
523160;182.0
523178;452.0
523186;1490.0
523194;497.0
523208;574.0
523216;456.0
523224;751.0
523232;428.0
523241;1018.0
523259;1664.0
523267;203.0
523275;215.0
523283;764.0
523291;676.0
523305;318.0
523313;209.0
523321;344.0
523330;575.0
523348;375.0
523356;457.0
523364;841.0
523372;804.0
523381;42677.0
523399;212.0
523402;1926.0
523411;264.0
523429;191.0
523437;1150.0
523445;684.0
523461;38.0
523470;728.0
523488;1703.0
523496;644.0
523500;84.0
523518;2333.0
523526;2148.0
523534;1149.0
523542;1129.0
523569;57.0
523577;882.0
523585;13276.0
523593;742.0
523607;1549.0
523615;210.0
523623;4029.0
523631;1880.0
523658;790.0
523674;92.0
523682;3529.0
523712;633.0
523721;531.0
523739;559.0
523747;504.0
523763;1382.0
523771;270.0
523780;1504.0
523798;1991.0
523801;287.0
523810;1522.0
523828;5408.0
523836;1816.0
523844;1894.0
523852;2043.0
523861;613.0
523879;1915.0
523887;776.0
523909;1339.0
523925;6585.0
523933;2965.0
523950;1198.0
523976;1515.0
523984;569.0
523992;294.0
524000;3480.0
524018;1167.0
524026;484.0
524034;1526.0
524042;652.0
524051;379.0
524069;246.0
524077;1174.0
524085;834.0
524093;916.0
524107;1612.0
524115;77.0
524123;743.0
524131;1157.0
524140;72608.0
524158;521.0
524174;367.0
524182;252.0
524191;430.0
524204;298.0
524212;369.0
524221;358.0
524239;1391.0
524247;340.0
524255;168.0
524263;605.0
524271;284.0
524280;413.0
524298;761.0
524301;690.0
524310;605.0
524328;84.0
524336;947.0
524344;651.0
524352;1842.0
524361;656.0
524379;1217.0
524387;1048.0
524395;1777.0
524409;902.0
524417;347.0
524425;106.0
524433;747.0
524441;107.0
524450;201.0
524468;1222.0
524476;597.0
524492;420.0
524506;829.0
524514;383.0
524522;1037.0
524531;1505.0
524549;700.0
524557;288.0
524565;335.0
524573;784.0
524581;273.0
524590;306.0
524603;4131.0
524611;1474.0
524620;1798.0
524638;1534.0
524646;195.0
524654;908.0
524662;737.0
524671;561.0
524689;920.0
524697;302.0
524701;239.0
524727;711.0
524735;145.0
524743;1541.0
524751;272.0
524760;785.0
524778;5122.0
524786;423.0
524794;410.0
524808;137.0
524816;561.0
524824;400.0
524832;668.0
524841;1431.0
524867;263.0
524875;526.0
524883;921.0
524905;156.0
524913;393.0
524921;662.0
524930;389.0
524948;353.0
524956;332.0
524964;49.0
524981;1481.0
524999;552.0
525006;2058.0
525014;1607.0
525022;687.0
525031;317.0
525049;776.0
525057;344.0
525065;437.0
525073;638.0
525081;125.0
525090;1292.0
525103;154.0
525111;737.0
525120;1047.0
525138;1035.0
525146;10112.0
525154;836.0
525162;136.0
525171;1434.0
525189;441.0
525197;258.0
525201;714.0
525219;1020.0
525235;2319.0
525243;458.0
525251;457.0
525260;1981.0
525278;170.0
525286;658.0
525294;997.0
525308;282.0
525316;1218.0
525324;204.0
525332;344.0
525341;1107.0
525359;440.0
525367;337.0
525375;535.0
525383;1098.0
525391;272.0
525405;5172.0
525413;1648.0
525421;105.0
525430;1083.0
525448;800.0
525456;906.0
525472;388.0
525499;839.0
525502;247.0
525511;1432.0
525529;14988.0
525537;130.0
525545;814.0
525553;247.0
525561;383.0
525570;47.0
525596;507.0
525600;395.0
525618;224.0
525626;472.0
525634;3866.0
525642;546.0
525651;1096.0
525669;1627.0
525677;305.0
525685;250.0
525693;181.0
525707;288.0
525715;54.0
525723;324.0
525731;303.0
525740;903.0
525758;282.0
525766;731.0
525774;351.0
525782;670.0
525791;2486.0
525812;636.0
525821;282.0
525839;337.0
525847;191.0
525855;55.0
525863;594.0
525871;2150.0
525898;592.0
525901;573.0
525910;459.0
525928;1061.0
525936;168.0
525944;377.0
525952;126.0
525961;166.0
525987;1001.0
525995;723.0
526002;158.0
526011;178.0
526029;188.0
526037;199.0
526045;959.0
526053;457.0
526061;483.0
526070;252.0
526088;85.0
526096;1915.0
526100;66.0
526118;334.0
526126;528.0
526134;565.0
526142;9974.0
526151;273.0
526177;270.0
526185;447.0
526193;163.0
526207;523.0
526215;618.0
526223;459.0
526231;131.0
526240;162.0
526258;941.0
526266;407.0
526274;88.0
526282;1436.0
526291;109.0
526304;281.0
526312;1282.0
526321;216.0
526339;713.0
526347;403.0
526355;30063.0
526363;560.0
526371;141.0
526380;138.0
526398;584.0
526401;726.0
526410;142.0
526428;239.0
526436;2442.0
526444;471.0
526452;454.0
526461;453.0
526479;747.0
526487;648.0
526495;295.0
526509;5066.0
526517;528.0
526525;49.0
526533;1563.0
526541;1187.0
526550;90.0
526568;205.0
526576;476.0
526584;372.0
526592;1962.0
526606;79.0
526614;233.0
526631;446.0
526649;576.0
526657;1550.0
526665;12962.0
526673;1003.0
526681;186.0
526690;369.0
526703;63.0
526711;534.0
526720;1170.0
526738;171.0
526746;418.0
526754;818.0
526762;2166.0
526771;764.0
526789;1123.0
526797;904.0
526801;76.0
526819;564.0
526827;135.0
526835;90.0
526843;410.0
526851;555.0
526860;1790.0
526878;1074.0
526886;376.0
526894;52.0
526908;496.0
526916;511.0
526924;2474.0
526932;26.0
526941;534.0
526959;1483.0
526967;1340.0
526975;2540.0
526983;187.0
526991;72.0
527009;47.0
527017;164.0
527025;276.0
527033;332.0
527041;1007.0
527050;318.0
527068;399.0
527076;784.0
527084;230.0
527092;1169.0
527106;8965.0
527114;161.0
527122;20.0
527131;175.0
527149;50.0
527157;672.0
527165;112.0
527173;254.0
527181;437.0
527190;19.0
527203;188.0
527211;483.0
527220;64.0
527238;62.0
527246;37.0
527254;181.0
527262;425.0
527271;118.0
527289;152.0
527297;367.0
527301;13.0
527319;272.0
527327;274.0
527335;524.0
527343;38.0
527351;68.0
527360;369.0
527378;189.0
527386;147.0
527394;66.0
527408;65.0
527416;45.0
527424;340.0
527432;161.0
527441;34.0
527459;74.0
527467;32.0
527475;205.0
527483;519.0
527491;314.0
527505;821.0
527513;203.0
527521;125.0
527530;102.0
527548;102.0
527556;39.0
527564;391.0
527572;115.0
527581;301.0
527599;51.0
527602;189.0
527611;69.0
527629;99.0
527637;332.0
527645;79.0
527653;124.0
527661;229.0
527670;265.0
527688;55.0
527696;496.0
527700;178.0
527718;61.0
527726;78.0
527734;12.0
527742;50.0
527751;365.0
527769;124.0
527777;412.0
527785;310.0
527793;182.0
527807;126.0
527815;28.0
527823;218.0
527831;453.0
527840;8472.0
527858;126.0
527866;262.0
527874;14.0
527882;220.0
527891;74.0
527904;92.0
527912;401.0
527921;79.0
527939;311.0
527947;102.0
527955;191.0
527963;35.0
527971;126.0
527980;180.0
527998;179.0
528005;59.0
528013;86.0
528021;121.0
528030;162.0
528048;502.0
528056;57.0
528064;73.0
528072;481.0
528081;329.0
528099;18599.0
528102;501.0
528111;538.0
528129;250.0
528137;315.0
528145;1155.0
528153;489.0
528161;616.0
528170;1004.0
528188;962.0
528200;497.0
528218;558.0
528226;125.0
528234;1016.0
528242;441.0
528251;634.0
528269;171.0
528277;743.0
528285;387.0
528293;3071.0
528307;298.0
528315;529.0
528323;399.0
528331;1089.0
528340;539.0
528358;342.0
528366;1333.0
528374;680.0
528382;365.0
528391;84.0
528404;705.0
528412;247.0
528421;719.0
528439;161.0
528447;6328.0
528455;282.0
528463;706.0
528471;1384.0
528480;347.0
528498;273.0
528501;884.0
528510;1533.0
528528;266.0
528536;462.0
528544;956.0
528552;948.0
528561;387.0
528579;589.0
528587;1443.0
528595;39082.0
528609;1114.0
528617;861.0
528625;562.0
528633;582.0
528641;632.0
528650;694.0
528668;415.0
528676;1580.0
528684;837.0
528692;419.0
528706;444.0
528714;479.0
528722;6721.0
528731;371.0
528749;192.0
528757;377.0
528765;260.0
528773;1028.0
528781;464.0
528790;412.0
528803;519.0
528811;417.0
528820;372.0
528838;382.0
528846;473.0
528854;233.0
528862;260.0
528871;518.0
528889;256.0
528897;269.0
528901;1357.0
528919;1319.0
528927;333.0
528935;284.0
528943;648.0
528951;388.0
528960;641.0
528978;114.0
528986;385.0
528994;105.0
529001;693.0
529010;35.0
529028;151.0
529036;185.0
529044;134.0
529052;238.0
529061;40.0
529079;531.0
529087;90.0
529095;200.0
529109;62.0
529117;166.0
529125;1766.0
529133;2234.0
529141;1164.0
529150;613.0
529168;641.0
529176;2028.0
529184;93.0
529192;863.0
529206;93.0
529214;48.0
529222;2057.0
529231;199.0
529249;306.0
529257;965.0
529265;2472.0
529273;61.0
529281;61.0
529290;657.0
529311;19937.0
529320;68447.0
529338;17585.0
529346;37080.0
529354;21592.0
529362;5036.0
529371;14492.0
529389;30694.0
529397;30597.0
529401;1523.0
529419;6492.0
529427;4989.0
529435;1274.0
529443;2078.0
529460;97323.0
529494;3513.0
542652;15013.0
542661;304.0
542695;207.0
542709;307.0
542717;1724.0
542733;3483.0
542741;436.0
542776;86.0
542792;333.0
542806;96.0
542822;803.0
542849;490.0
542857;111.0
542873;404.0
542881;292.0
542890;289.0
542920;414.0
542938;1303.0
542954;497.0
542962;861.0
542971;950.0
543004;2309.0
543039;524.0
543047;1387.0
543055;750.0
543063;554.0
543071;1352.0
543080;429.0
543101;1172.0
543110;259.0
543136;426.0
543144;251.0
543152;670.0
543161;820.0
543179;779.0
543187;1570.0
543195;960.0
543209;317.0
543225;504.0
543233;1302.0
543241;600.0
543250;480.0
543268;6765.0
543276;319.0
543284;1652.0
543292;11805.0
543306;288.0
543314;104.0
543322;1662.0
543331;3145.0
543349;446.0
543357;462.0
543365;1335.0
543373;2334.0
543381;334.0
543390;144.0
543403;851.0
543411;846.0
543420;220.0
543438;160.0
543446;135.0
543454;41.0
543462;136.0
543471;95.0
543489;837.0
543497;2783.0
543501;1800.0
543519;3004.0
543527;263.0
543535;1511.0
543551;387.0
543560;866.0
543578;3193.0
543586;1630.0
543594;2848.0
543608;1309.0
543616;1075.0
543624;2110.0
543632;174.0
543641;407.0
543659;1620.0
543667;944.0
543675;289.0
543683;114.0
543691;191.0
543705;768.0
543713;460.0
543721;355.0
543730;501.0
543748;648.0
543756;909.0
543764;199.0
543772;1219.0
543781;125.0
543799;502.0
543802;1997.0
543811;184.0
543829;150.0
543845;694.0
543853;7516.0
543861;612.0
543870;272.0
543888;467.0
543896;1256.0
543900;862.0
543918;653.0
543926;404.0
543934;204.0
543942;700.0
543951;1757.0
543969;409.0
543977;641.0
543985;283.0
543993;303.0
544001;752.0
544019;1336.0
544027;985.0
544035;554.0
544043;418.0
544051;17971.0
544060;206.0
544078;1388.0
544086;456.0
544094;2283.0
544108;332.0
544116;2047.0
544124;912.0
544132;620.0
544141;371.0
544159;666.0
544167;45.0
544175;1155.0
544183;205.0
544191;132.0
544205;50.0
544213;2989.0
544221;586.0
544230;1422.0
545333;5862.0
545350;268.0
545589;3549.0
545635;746.0
545651;562.0
545686;1358.0
545741;2823.0
545961;347.0
546640;695.0
546682;970.0
547522;663.0
547557;516.0
547590;306.0
547611;560.0
547620;203.0
555487;496.0
555495;754.0
555509;1718.0
555517;272.0
555541;640.0
555568;802.0
555576;1924.0
555606;373.0
555649;506.0
555665;1008.0
555673;1138.0
555720;824.0
555746;368.0
555754;1972.0
555789;1392.0
555819;177.0
555827;269.0
555843;921.0
555851;908.0
555860;1533.0
555878;1597.0
555886;1073.0
555908;379.0
555916;367.0
555924;278.0
555932;388.0
555959;340.0
555967;313.0
555991;1129.0
556025;267.0
556033;199.0
556050;1336.0
556092;1040.0
556114;1469.0
556122;341.0
556131;358.0
556149;1523.0
556157;1584.0
556165;737.0
556173;102.0
556190;233.0
556211;280.0
556220;181.0
556238;161.0
556246;453.0
556262;689.0
556271;124.0
556289;335.0
556297;408.0
556327;232.0
556351;296.0
556360;120.0
556408;190.0
556416;427.0
556424;64.0
556441;643.0
556459;461.0
556475;931.0
556483;1514.0
556491;1016.0
556513;1120.0
556521;496.0
556530;581.0
556548;411.0
556556;463.0
556564;448.0
556572;920.0
556581;456.0
556599;373.0
556602;517.0
556611;120.0
556645;258.0
556653;337.0
556661;677.0
556670;777.0
556688;494.0
556696;1891.0
556742;209.0
556777;39.0
556785;330.0
556793;220.0
556807;71.0
556823;759.0
557251;152.0
557269;144.0
557277;342.0
557285;995.0
557293;1112.0
557307;1485.0
557315;954.0
557323;75.0
557331;120.0
557340;391.0
557358;6403.0
557391;549.0
557404;468.0
557412;374.0
557421;733.0
557439;1034.0
557447;575.0
557471;848.0
557480;415.0
557498;273.0
557501;561.0
557510;529.0
557552;305.0
557561;127.0
557579;412.0
557595;137.0
557609;128.0
557617;201.0
557625;190.0
557633;428.0
557692;418.0
557706;476.0
557714;501.0
557757;523.0
557765;185.0
557790;163.0
557811;289.0
557820;118.0
557854;214.0
557889;77.0
557901;210.0
557919;164.0
557927;328.0
557935;1594.0
557960;441.0
557986;925.0
557994;348.0
558087;205.0
558133;1192.0
558168;345.0
558192;420.0
558206;125.0
558214;136.0
558222;131.0
558273;240.0
558281;1046.0
558320;2412.0
558338;378.0
558354;288.0
558397;258.0
559547;1043.0
559598;600.0
559610;149.0
559636;93.0
559644;108.0
559652;49.0
559687;924.0
559784;2901.0
559831;198.0
559865;1027.0
559873;420.0
559881;136.0
559890;444.0
559938;150.0
559971;458.0
559989;167.0
560022;1091.0
560031;512.0
560049;602.0
560065;419.0
560073;169.0
560103;3442.0
560154;7198.0
580236;572.0
580244;950.0
580252;328.0
580287;1115.0
580309;234.0
580317;790.0
580368;161.0
580384;461.0
580449;765.0
580457;1256.0
580473;1971.0
580520;806.0
580546;474.0
580554;932.0
580597;182.0
580601;230.0
580791;1284.0
580813;475.0
580856;353.0
580864;108.0
580899;2562.0
580911;395.0
580937;123.0
580953;681.0
581020;1932.0
581097;215.0
581135;336.0
581160;622.0
581241;858.0
581305;864.0
581348;166.0
581399;1885.0
581488;774.0
581585;646.0
581607;899.0
581623;630.0
581640;78.0
581658;816.0
581674;1092.0
581691;271.0
581704;624.0
581712;272.0
581747;586.0
581895;260.0
581984;815.0
582051;381.0
582093;431.0
582140;671.0
582301;633.0
582361;988.0
582387;662.0
582425;578.0
582514;1079.0
582522;233.0
582549;81.0
582638;498.0
582697;332.0
582719;836.0
582816;1638.0
598119;1138.0
598127;1871.0
598151;16467.0
598186;17484.0
598194;683.0
598208;1744.0
598216;2139.0
598224;32612.0
598682;21500.0
599018;2429.0
599093;3138.0
599310;93.0
599328;701.0
599336;1199.0
599786;636.0
599794;4626.0
599816;19574.0
599824;18665.0
599841;4747.0
599859;988.0
599875;18051.0
599883;19086.0
599891;564.0
599913;2120.0
599972;4842.0
